Priority,Section,Item,Status,Description,Enterprise Requirement,Effort
P0,Core Auth,MFA/2FA Implementation,Missing,Multi-factor authentication (TOTP/SMS/Email codes),Required for enterprise security compliance,High
P0,Core Auth,SSO Integration (SAML/OIDC),Missing,Enterprise single sign-on support,Required for B2B enterprise customers,High
P0,Core Auth,Account Lockout Policy,Missing,Lock accounts after N failed login attempts,Security best practice,Medium
P0,Core Auth,Session Timeout Policies,Missing,Configurable session timeouts and device management,Security compliance requirement,Medium
P0,Core Auth,API Key Authentication,Missing,Server-to-server API key management,Required for integrations,Medium
P0,Core Auth,CSRF Protection,Missing,Cross-site request forgery protection,OWASP Top 10 requirement,Medium
P0,Core Auth,Password Complexity Rules,Partial,Enforce strong password requirements,Security compliance,Low
P0,Core Auth,Biometric Authentication,Missing,Fingerprint/Face recognition for mobile,Enhanced mobile security,Medium
P1,Core Auth,OAuth Scope Management,Missing,Fine-grained permission scopes,Enterprise access control,Medium
P1,Core Auth,Certificate Pinning (Mobile),Missing,SSL certificate pinning for mobile apps,Mobile security requirement,Medium
P2,Core Auth,Rate Limiting (Auth),Implemented,5 attempts/15 min with 30 min block,Already implemented,Done
P2,Core Auth,PKCE OAuth Flow,Implemented,Secure OAuth handling,Already implemented,Done
P2,Core Auth,Admin Audit Logging,Implemented,All admin actions logged,Already implemented,Done
P2,Core Auth,Row Level Security,Implemented,RLS policies on all tables,Already implemented,Done
P0,Storage,Backup Strategy,Missing,Automated backup and disaster recovery plan,Business continuity requirement,High
P0,Storage,Data Encryption at Rest,Missing,Encrypt sensitive data in database,Security compliance (SOC2/PCI),High
P0,Storage,Data Retention Policy,Missing,Automated data lifecycle management,GDPR/compliance requirement,Medium
P0,Storage,Point-in-Time Recovery,Missing,Database PITR capability,Disaster recovery requirement,Medium
P1,Storage,Archive Strategy,Missing,Cold storage for old data,Cost optimization and compliance,Medium
P1,Storage,Database Replication,Missing,Multi-region database replication,High availability requirement,High
P1,Storage,Storage Monitoring,Missing,Disk usage and quota alerts,Infrastructure monitoring,Low
P1,Storage,Cleanup Automation,Missing,Orphaned data cleanup jobs,Data hygiene,Medium
P2,Storage,External Storage (S3),Missing,AWS S3 or similar integration,Scalability option,Medium
P2,Storage,Supabase Storage,Implemented,File storage integration,Already implemented,Done
P2,Storage,LocalStorage Persistence,Implemented,Cart and session persistence,Already implemented,Done
P0,Testing,Unit Test Framework,Missing,Jest/Vitest unit tests for components,Code quality requirement (60%+ coverage),High
P0,Testing,Integration Tests,Missing,API and service integration tests,Quality assurance,High
P0,Testing,Test Coverage Reports,Missing,Coverage thresholds and reporting,CI/CD quality gate,Medium
P0,Testing,Security Testing (OWASP),Missing,Automated security vulnerability scanning,Security compliance,High
P0,Testing,Load/Performance Testing,Missing,k6/Artillery load testing,Capacity planning,Medium
P1,Testing,Accessibility Testing,Missing,Automated axe/WAVE testing in CI,WCAG compliance,Medium
P1,Testing,Visual Regression Testing,Missing,Screenshot comparison testing,UI quality assurance,Medium
P1,Testing,API Contract Testing,Missing,Pact or similar contract testing,API stability,Medium
P1,Testing,Test Data Fixtures,Missing,Documented test data and factories,Testing consistency,Medium
P2,Testing,Smoke Tests,Partial,Critical path smoke tests,Deployment validation,Low
P2,Testing,E2E Tests (Playwright),Implemented,Auth/checkout/messaging flows,Already implemented,Done
P2,Testing,Cross-Browser Testing,Implemented,Chromium/Firefox/WebKit,Already implemented,Done
P0,Monitoring,Centralized Logging,Missing,ELK/Splunk/Datadog log aggregation,Observability requirement,High
P0,Monitoring,APM Integration,Partial,Full Sentry/Datadog APM setup,Performance monitoring,Medium
P0,Monitoring,Distributed Tracing,Missing,OpenTelemetry/Jaeger implementation,Microservices debugging,High
P0,Monitoring,Alerting System,Missing,PagerDuty/Opsgenie alert integration,Incident response,Medium
P0,Monitoring,SLA Monitoring,Missing,Uptime and SLA tracking dashboards,Customer commitments,Medium
P1,Monitoring,Database Query Monitoring,Missing,Slow query logging and analysis,Performance optimization,Medium
P1,Monitoring,Real User Monitoring,Partial,Full RUM implementation,UX optimization,Medium
P1,Monitoring,Custom Business Metrics,Missing,Prometheus/InfluxDB metrics,Business intelligence,Medium
P1,Monitoring,Infrastructure Monitoring,Missing,Server/container metrics,Infrastructure health,Medium
P2,Monitoring,Error Boundary,Implemented,React error boundary component,Already implemented,Done
P2,Monitoring,Core Web Vitals,Implemented,LCP/FID/CLS tracking,Already implemented,Done
P2,Monitoring,Google Analytics 4,Implemented,E-commerce analytics,Already implemented,Done
P0,DevOps,CI/CD Pipeline,Missing,Complete GitHub Actions workflows,Automated deployments,High
P0,DevOps,Infrastructure as Code,Missing,Terraform/Pulumi configurations,Reproducible infrastructure,High
P0,DevOps,Disaster Recovery Plan,Missing,Documented DR procedures and RTO/RPO,Business continuity,High
P0,DevOps,Database Migration Runner,Missing,Automated migration execution,Deployment safety,Medium
P1,DevOps,Docker Containerization,Missing,Dockerfile and compose files,Portable deployments,Medium
P1,DevOps,Multi-Region Deployment,Missing,Geographic distribution strategy,Global availability,High
P1,DevOps,Auto-Scaling Policies,Missing,Load-based scaling rules,Traffic handling,Medium
P1,DevOps,Capacity Planning,Missing,Resource forecasting documentation,Infrastructure planning,Medium
P1,DevOps,Cost Monitoring,Missing,Cloud cost tracking and alerts,Budget management,Medium
P2,DevOps,Health Check Endpoint,Implemented,/api/health endpoint,Already implemented,Done
P2,DevOps,Cloudflare Pages,Implemented,Edge deployment platform,Already implemented,Done
P2,DevOps,Code Splitting,Implemented,Vendor/route-based splitting,Already implemented,Done
P0,Compliance,GDPR Data Export,Missing,User data portability feature,GDPR Article 20 requirement,Medium
P0,Compliance,Right to Deletion,Missing,"Right to be forgotten" workflow,GDPR Article 17 requirement,Medium
P0,Compliance,CCPA Compliance,Missing,California privacy law controls,US privacy requirement,Medium
P0,Compliance,Consent Management,Partial,Cookie consent platform (OneTrust/CookieBot),Privacy compliance,Medium
P0,Compliance,PII Encryption/Masking,Missing,Encrypt/mask sensitive personal data,Data protection,High
P0,Compliance,SOC2 Preparation,Missing,Security controls documentation,Enterprise sales requirement,High
P1,Compliance,WCAG 2.1 AA Audit,Missing,Accessibility compliance audit,ADA compliance,Medium
P1,Compliance,Terms Version Tracking,Missing,Track user consent to terms versions,Legal compliance,Low
P1,Compliance,Data Processing Agreements,Missing,Vendor DPAs documentation,GDPR compliance,Medium
P1,Compliance,Data Classification,Missing,Sensitivity labeling system,Security governance,Medium
P2,Compliance,Privacy Policy,Implemented,Comprehensive privacy page,Already implemented,Done
P2,Compliance,Cookie Policy,Implemented,Cookie usage documentation,Already implemented,Done
P2,Compliance,Content Moderation,Implemented,Moderation queue system,Already implemented,Done
P2,Compliance,Fraud Detection,Implemented,Device fingerprinting and detection,Already implemented,Done
P0,API,API Documentation,Missing,OpenAPI/Swagger specification,Developer experience,High
P0,API,API Versioning,Missing,v1/v2 URL versioning strategy,Breaking change management,Medium
P0,API,Rate Limiting (General),Missing,API-wide rate limiting,Abuse prevention,Medium
P0,API,Standardized Error Codes,Missing,Consistent error response format,API consistency,Medium
P1,API,API Gateway,Missing,Kong/AWS API Gateway integration,Request management,High
P1,API,Request Validation,Partial,Comprehensive Zod schemas,Input validation,Medium
P1,API,Response Formatting,Missing,Standardized JSON response wrapper,API consistency,Low
P1,API,Deprecation Policy,Missing,API sunset process documentation,Change management,Low
P1,API,Pagination Standards,Missing,Cursor/offset pagination standards,Large dataset handling,Medium
P2,API,Cache Control Headers,Missing,HTTP caching headers strategy,Performance optimization,Low
P2,API,GraphQL Option,Missing,Alternative to REST API,Developer flexibility,High
P2,API,Client SDKs,Missing,Official JavaScript/mobile SDKs,Developer experience,Medium
P2,API,Supabase REST,Implemented,Auto-generated REST API,Already implemented,Done
P2,API,TypeScript Types,Implemented,252KB auto-generated types,Already implemented,Done
P1,Media,CDN Cache Invalidation,Missing,Programmatic cache purge,Content freshness,Medium
P1,Media,Video Upload/Transcoding,Missing,Video processing pipeline,Rich media support,High
P1,Media,Thumbnail Generation,Missing,Automatic thumbnail creation,Performance optimization,Medium
P1,Media,Progressive Image Loading,Missing,LQIP/blur-up implementation,UX improvement,Medium
P1,Media,Image Cropping/Editing,Missing,Client-side image editor,User experience,Medium
P2,Media,EXIF Data Removal,Missing,Privacy-focused image processing,Privacy compliance,Low
P2,Media,Media Library UI,Missing,Centralized asset management,Content management,Medium
P2,Media,Watermarking,Missing,Image/PDF watermark capability,Content protection,Low
P2,Media,Image Optimization,Implemented,Cloudflare Image Resizing,Already implemented,Done
P2,Media,File Validation,Implemented,Type/size/dimension validation,Already implemented,Done
P1,CRM,Customer 360 Dashboard,Missing,Unified customer view,Customer success,High
P1,CRM,Lead Management,Missing,Lead scoring and pipeline,Sales enablement,High
P1,CRM,Customer Segmentation,Missing,Tagging and segmentation system,Marketing automation,Medium
P1,CRM,Activity Timeline,Missing,Unified activity history per customer,Support efficiency,Medium
P1,CRM,NPS/CSAT Surveys,Missing,Customer satisfaction tracking,Customer success,Medium
P2,CRM,External CRM Integration,Missing,Salesforce/HubSpot connectors,Enterprise integration,High
P2,CRM,Customer Journey Tracking,Missing,Attribution and journey mapping,Marketing analytics,Medium
P2,CRM,Support Ticketing,Implemented,Ticket management system,Already implemented,Done
P2,CRM,Real-time Messaging,Implemented,Buyer-seller messaging,Already implemented,Done
P2,CRM,Dispute Resolution,Implemented,Dispute management system,Already implemented,Done
P2,GPS,Geolocation Auto-Detect,Missing,Browser geolocation API integration,Location-aware UX,Medium
P2,GPS,Distance-Based Search,Missing,"Near me" and radius search,Local discovery,Medium
P2,GPS,Maps Integration,Missing,Google Maps/Mapbox for store locator,Visual location features,Medium
P2,GPS,Lat/Lng Coordinates,Missing,Granular location data storage,Precise location services,Medium
P2,GPS,Geofencing,Missing,Location-based notifications,Mobile engagement,Medium
P3,GPS,Multi-Region/International,Missing,Global expansion support,International growth,High
P3,GPS,Timezone Management,Partial,Full timezone handling,Global operations,Medium
P2,GPS,Multi-City Support,Implemented,Dynamic city routing,Already implemented,Done
P2,GPS,Address Validation,Implemented,Address validation utility,Already implemented,Done
P1,Billing,Invoicing System,Missing,Full invoice lifecycle management,Financial compliance,High
P1,Billing,Multi-Currency Support,Missing,International payment processing,Global expansion,High
P1,Billing,Payment Reconciliation,Missing,Automated Stripe reconciliation,Financial accuracy,Medium
P1,Billing,Refund Automation,Missing,Automated refund workflows,Customer experience,Medium
P1,Billing,Financial Reporting,Partial,Comprehensive financial dashboards,Business intelligence,Medium
P1,Billing,PCI DSS Documentation,Missing,Payment compliance documentation,Security compliance,Medium
P2,Billing,Wallet/Store Credits,Missing,User credit balance system,Customer retention,Medium
P2,Billing,Split Payments,Missing,Commission splitting,Marketplace payments,Medium
P2,Billing,Tax Calculation Engine,Partial,Automated tax calculation,Tax compliance,Medium
P2,Billing,Payment Gateway Fallback,Missing,Backup payment processor,Reliability,Medium
P2,Billing,Stripe Integration,Implemented,Apple Pay/Google Pay support,Already implemented,Done
P2,Billing,Subscription Management,Implemented,Recurring billing support,Already implemented,Done
P2,Billing,Discount/Promo Codes,Implemented,Promotional pricing,Already implemented,Done
P1,Templates,Email Template Builder,Missing,Visual drag-drop email editor,Marketing enablement,Medium
P1,Templates,Template Variables,Missing,Merge field/variable system,Personalization,Medium
P1,Templates,Template Versioning,Missing,Template change history,Content governance,Low
P1,Templates,Multi-Language Templates,Missing,Localized template support,International support,High
P2,Templates,SMS Templates,Missing,SMS notification templates,Multi-channel communication,Medium
P2,Templates,A/B Testing,Missing,Template variant testing,Optimization,Medium
P2,Templates,Template Preview,Missing,Real-time template preview,Content creation,Low
P2,Templates,White-Label Branding,Missing,Custom branding per client,B2B requirement,High
P2,Templates,Email Templates,Implemented,Compliance email templates,Already implemented,Done
P2,Templates,Listing Templates,Implemented,Seller listing templates,Already implemented,Done
P2,Templates,Blog Templates,Implemented,Blog quick templates,Already implemented,Done
P1,Documents,E-Signature Integration,Missing,DocuSign/HelloSign integration,Legal compliance,High
P1,Documents,Contract Management,Missing,Contract lifecycle management,Legal operations,High
P1,Documents,Document Versioning,Missing,Version control for legal docs,Compliance,Medium
P1,Documents,Agreement Tracking,Missing,Terms acceptance audit trail,Legal compliance,Medium
P2,Documents,Multi-Language Documents,Missing,Localized legal documents,International support,Medium
P2,Documents,Document Encryption,Missing,Document-level encryption,Security,Medium
P2,Documents,OCR Processing,Missing,Document text extraction,Automation,Medium
P2,Documents,PDF Generation,Implemented,Pricing guide PDFs,Already implemented,Done
P2,Documents,Terms of Service,Implemented,Terms and conditions page,Already implemented,Done
P2,Documents,W-9 Tax Forms,Implemented,Tax form management,Already implemented,Done
P1,AI,Prompt Management System,Missing,Versioned prompt library,AI governance,Medium
P1,AI,AI Cost Tracking,Missing,Token cost analysis dashboard,Budget management,Medium
P1,AI,Response Quality Feedback,Missing,User feedback loop for AI,Continuous improvement,Medium
P1,AI,Fallback Model Strategy,Missing,Backup AI provider,Reliability,Medium
P2,AI,Multilingual AI,Missing,Non-English AI support,International support,Medium
P2,AI,AI Bias Testing,Missing,Fairness evaluation,Responsible AI,Medium
P2,AI,Content Policy Enforcement,Missing,AI output moderation,Safety,Medium
P2,AI,Fine-Tuning Capability,Missing,Custom model training,Specialization,High
P3,AI,Streaming Responses,Partial,Real-time AI responses,UX improvement,Medium
P2,AI,AI Model Management,Implemented,Provider and version tracking,Already implemented,Done
P2,AI,AI Listing Helper,Implemented,Product description generation,Already implemented,Done
P2,AI,Visual Search,Implemented,Image-based search,Already implemented,Done
P2,AI,ChatGPT Integration,Implemented,MCP server integration,Already implemented,Done
P2,Blog,Content Calendar,Missing,Editorial planning tool,Content strategy,Medium
P2,Blog,Multi-Author Support,Missing,Author roles and permissions,Content governance,Medium
P2,Blog,Blog Comments,Missing,Community engagement,User engagement,Medium
P2,Blog,Content Versioning,Missing,Draft and revision history,Content management,Medium
P2,Blog,Rich Text Editor,Missing,WYSIWYG blog editing,Content creation,Medium
P2,Blog,Scheduled Publishing,Missing,Timed content release,Content planning,Medium
P2,Blog,Content Analytics,Partial,Article performance tracking,Content optimization,Medium
P3,Blog,Related Posts,Missing,Content recommendations,Engagement,Low
P3,Blog,Guest Contributor Workflow,Missing,External author management,Content scaling,Medium
P2,Blog,Blog System,Implemented,4 SEO articles with manager,Already implemented,Done
P2,Blog,Blog-Product Linking,Implemented,Content commerce integration,Already implemented,Done
P2,SEO,Canonical Tag Management,Missing,Duplicate content handling,SEO best practice,Low
P2,SEO,Robots.txt Management,Missing,Crawl directive configuration,SEO control,Low
P2,SEO,Hreflang Tags,Missing,International/regional variants,Global SEO,Medium
P2,SEO,Internal Linking Automation,Missing,Automated link building,SEO optimization,Medium
P2,SEO,Search Console Integration,Missing,GSC API for insights,SEO monitoring,Medium
P2,SEO,Redirect Management UI,Missing,301/302 redirect interface,SEO maintenance,Low
P3,SEO,Mobile SEO Optimization,Partial,Mobile-specific SEO features,Mobile search,Low
P2,SEO,Dynamic Sitemaps,Implemented,Edge function sitemap generation,Already implemented,Done
P2,SEO,Meta Tag Management,Implemented,react-helmet-async integration,Already implemented,Done
P2,SEO,Structured Data,Implemented,Schema.org markup,Already implemented,Done
P2,SEO,SEO Dashboard,Implemented,Admin SEO monitoring,Already implemented,Done
P1,Automation,Background Job Scheduler,Missing,Cron/task queue system,Async processing,High
P1,Automation,Workflow Builder,Missing,Visual automation designer,Business process automation,High
P1,Automation,Event-Based Triggers,Partial,Comprehensive webhook events,Integration capability,Medium
P1,Automation,Queue Management,Missing,Task queue with retry logic,Reliability,Medium
P1,Automation,Dead Letter Queue,Missing,Failed task handling,Error recovery,Medium
P2,Automation,Third-Party Integration,Missing,Zapier/Make connectors,External automation,Medium
P2,Automation,User-Defined Rules,Missing,Custom automation rules UI,Self-service automation,Medium
P2,Automation,Automation Monitoring,Missing,Job status and failure alerts,Operations visibility,Medium
P2,Automation,Webhook System,Implemented,Webhook settings and logs,Already implemented,Done
P2,Automation,Email Digest Automation,Implemented,Scheduled email digests,Already implemented,Done
P2,Automation,Real-time Subscriptions,Implemented,Supabase Realtime,Already implemented,Done
